[
  {
    "case_id": "case_001",
    "description": "CLT worker, low income below exemption",
    "inputs": {
      "total_income": 45000.0,
      "imposto_anual_apurado": 0.0,
      "retencoes_ja": 0.0
    },
    "assumptions": "Monthly income 3,750 -> Annual 45,000; no exclusoes; redutor N/A",
    "calculation": {
      "REND_base": 45000.0,
      "aliquota_percent": 0.0,
      "IRPFM_bruto": 0.0,
      "redutor": 0.0,
      "IRPFM_liquido": 0.0
    }
  },
  {
    "case_id": "case_002",
    "description": "High salaried CLT: total income 900k, no dividends",
    "inputs": {
      "total_income": 900000.0,
      "imposto_anual_apurado": 200000.0,
      "retencoes_ja": 50000.0
    },
    "assumptions": "Imposto anual apurado includes prior IR; retenções include INSS/others.",
    "calculation": {
      "REND_base": 900000.0,
      "aliquota_percent": 5.0,
      "IRPFM_bruto": 45000.0,
      "redutor": 0.0,
      "IRPFM_liquido": 0.0
    }
  },
  {
    "case_id": "case_003",
    "description": "PJ owner, received 200k dividend in Dec (single company)",
    "inputs": {
      "total_income": 1200000.0,
      "imposto_anual_apurado": 250000.0,
      "retencoes_ja": 20000.0
    },
    "assumptions": "Includes 200k dividend in month subject to 10% retention (20k). No exclusoes.",
    "calculation": {
      "REND_base": 1200000.0,
      "aliquota_percent": 10.0,
      "IRPFM_bruto": 120000.0,
      "redutor": 0.0,
      "IRPFM_liquido": 0.0
    }
  },
  {
    "case_id": "case_004",
    "description": "PJ owner, 5 dividends from different PJs 40k each (total 200k)",
    "inputs": {
      "total_income": 1200000.0,
      "imposto_anual_apurado": 250000.0,
      "retencoes_ja": 0.0
    },
    "assumptions": "No monthly retention since each source <50k; annual base sums to 1.2M; redutor assumed 0.",
    "calculation": {
      "REND_base": 1200000.0,
      "aliquota_percent": 10.0,
      "IRPFM_bruto": 120000.0,
      "redutor": 0.0,
      "IRPFM_liquido": 0.0
    }
  },
  {
    "case_id": "case_005",
    "description": "Salary 300k + rentals 100k + dividends 250k",
    "inputs": {
      "total_income": 650000.0,
      "imposto_anual_apurado": 90000.0,
      "retencoes_ja": 25000.0
    },
    "assumptions": "Total 650k -> falls in transition band.",
    "calculation": {
      "REND_base": 650000.0,
      "aliquota_percent": 0.8333,
      "IRPFM_bruto": 5416.67,
      "redutor": 0.0,
      "IRPFM_liquido": 0.0
    }
  },
  {
    "case_id": "case_006",
    "description": "Resident with foreign salary 400k + domestic 250k (total 650k)",
    "inputs": {
      "total_income": 650000.0,
      "imposto_anual_apurado": 80000.0,
      "retencoes_ja": 10000.0,
      "exclusoes": 0.0
    },
    "assumptions": "Assume no treaty credit applied; total included in REND",
    "calculation": {
      "REND_base": 650000.0,
      "aliquota_percent": 0.8333,
      "IRPFM_bruto": 5416.67,
      "redutor": 0.0,
      "IRPFM_liquido": 0.0
    }
  },
  {
    "case_id": "case_007",
    "description": "Large one-off capital gain 800k excluded from base; salary 200k",
    "inputs": {
      "total_income": 1000000.0,
      "imposto_anual_apurado": 150000.0,
      "retencoes_ja": 20000.0,
      "exclusoes": 800000.0
    },
    "assumptions": "Capital gain assumed excluded as per PL clauses; REND_base=200k",
    "calculation": {
      "REND_base": 200000.0,
      "aliquota_percent": 0.0,
      "IRPFM_bruto": 0.0,
      "redutor": 0.0,
      "IRPFM_liquido": 0.0
    }
  },
  {
    "case_id": "case_008",
    "description": "Multiple small gigs total 580k (below threshold)",
    "inputs": {
      "total_income": 580000.0,
      "imposto_anual_apurado": 70000.0,
      "retencoes_ja": 5000.0
    },
    "assumptions": "REND below 600k -> no IRPFM",
    "calculation": {
      "REND_base": 580000.0,
      "aliquota_percent": 0.0,
      "IRPFM_bruto": 0.0,
      "redutor": 0.0,
      "IRPFM_liquido": 0.0
    }
  },
  {
    "case_id": "case_009",
    "description": "Exactly REND=600000",
    "inputs": {
      "total_income": 600000.0,
      "imposto_anual_apurado": 60000.0,
      "retencoes_ja": 10000.0
    },
    "assumptions": "At threshold -> aliquota 0%",
    "calculation": {
      "REND_base": 600000.0,
      "aliquota_percent": 0.0,
      "IRPFM_bruto": 0.0,
      "redutor": 0.0,
      "IRPFM_liquido": 0.0
    }
  },
  {
    "case_id": "case_010",
    "description": "REND=610000 close above threshold",
    "inputs": {
      "total_income": 610000.0,
      "imposto_anual_apurado": 61000.0,
      "retencoes_ja": 5000.0
    },
    "assumptions": "Aliquota small positive",
    "calculation": {
      "REND_base": 610000.0,
      "aliquota_percent": 0.1667,
      "IRPFM_bruto": 1016.67,
      "redutor": 0.0,
      "IRPFM_liquido": 0.0
    }
  },
  {
    "case_id": "case_011",
    "description": "Ultra high income 5M annual",
    "inputs": {
      "total_income": 5000000.0,
      "imposto_anual_apurado": 1200000.0,
      "retencoes_ja": 100000.0
    },
    "assumptions": "Aliquota nominal 10% on REND_base",
    "calculation": {
      "REND_base": 5000000.0,
      "aliquota_percent": 10.0,
      "IRPFM_bruto": 500000.0,
      "redutor": 0.0,
      "IRPFM_liquido": 0.0
    }
  },
  {
    "case_id": "case_012",
    "description": "MEI/Simples with distributions 100k, owner salary 120k",
    "inputs": {
      "total_income": 220000.0,
      "imposto_anual_apurado": 20000.0,
      "retencoes_ja": 0.0
    },
    "assumptions": "Small business owner; redutor N/A",
    "calculation": {
      "REND_base": 220000.0,
      "aliquota_percent": 0.0,
      "IRPFM_bruto": 0.0,
      "redutor": 0.0,
      "IRPFM_liquido": 0.0
    }
  },
  {
    "case_id": "case_013",
    "description": "Dividend from company with high effective tax -> redutor applies",
    "inputs": {
      "total_income": 800000.0,
      "imposto_anual_apurado": 150000.0,
      "retencoes_ja": 30000.0
    },
    "assumptions": "Assume redutor calculado from PJ effective tax",
    "calculation": {
      "REND_base": 800000.0,
      "aliquota_percent": 3.3333,
      "IRPFM_bruto": 26666.67,
      "redutor": 10000.0,
      "IRPFM_liquido": 0.0
    }
  },
  {
    "case_id": "case_014",
    "description": "Auto-generated case 14 with total_income 480000",
    "inputs": {
      "total_income": 480000,
      "imposto_anual_apurado": 27001.29,
      "retencoes_ja": 6600.7,
      "exclusoes": 0.0
    },
    "assumptions": "Standard assumptions: exclusoes only when specified; redutor 0 unless stated.",
    "calculation": {
      "REND_base": 480000.0,
      "aliquota_percent": 0.0,
      "IRPFM_bruto": 0.0,
      "redutor": 0.0,
      "IRPFM_liquido": 0.0
    }
  },
  {
    "case_id": "case_015",
    "description": "Auto-generated case 15 with total_income 610000",
    "inputs": {
      "total_income": 610000,
      "imposto_anual_apurado": 51779.53,
      "retencoes_ja": 3126.1,
      "exclusoes": 0.0
    },
    "assumptions": "Standard assumptions: exclusoes only when specified; redutor 0 unless stated.",
    "calculation": {
      "REND_base": 610000.0,
      "aliquota_percent": 0.1667,
      "IRPFM_bruto": 1016.67,
      "redutor": 0.0,
      "IRPFM_liquido": 0.0
    }
  },
  {
    "case_id": "case_016",
    "description": "Auto-generated case 16 with total_income 480000",
    "inputs": {
      "total_income": 480000,
      "imposto_anual_apurado": 94859.1,
      "retencoes_ja": 762.78,
      "exclusoes": 0.0
    },
    "assumptions": "Standard assumptions: exclusoes only when specified; redutor 0 unless stated.",
    "calculation": {
      "REND_base": 480000.0,
      "aliquota_percent": 0.0,
      "IRPFM_bruto": 0.0,
      "redutor": 0.0,
      "IRPFM_liquido": 0.0
    }
  },
  {
    "case_id": "case_017",
    "description": "Auto-generated case 17 with total_income 480000",
    "inputs": {
      "total_income": 480000,
      "imposto_anual_apurado": 50236.56,
      "retencoes_ja": 12128.53,
      "exclusoes": 0.0
    },
    "assumptions": "Standard assumptions: exclusoes only when specified; redutor 0 unless stated.",
    "calculation": {
      "REND_base": 480000.0,
      "aliquota_percent": 0.0,
      "IRPFM_bruto": 0.0,
      "redutor": 0.0,
      "IRPFM_liquido": 0.0
    }
  },
  {
    "case_id": "case_018",
    "description": "Auto-generated case 18 with total_income 350000",
    "inputs": {
      "total_income": 350000,
      "imposto_anual_apurado": 66608.94,
      "retencoes_ja": 12530.34,
      "exclusoes": 0.0
    },
    "assumptions": "Standard assumptions: exclusoes only when specified; redutor 0 unless stated.",
    "calculation": {
      "REND_base": 350000.0,
      "aliquota_percent": 0.0,
      "IRPFM_bruto": 0.0,
      "redutor": 0.0,
      "IRPFM_liquido": 0.0
    }
  },
  {
    "case_id": "case_019",
    "description": "Auto-generated case 19 with total_income 1300000",
    "inputs": {
      "total_income": 1300000,
      "imposto_anual_apurado": 136643.2,
      "retencoes_ja": 38302.27,
      "exclusoes": 0.0
    },
    "assumptions": "Standard assumptions: exclusoes only when specified; redutor 0 unless stated.",
    "calculation": {
      "REND_base": 1300000.0,
      "aliquota_percent": 10.0,
      "IRPFM_bruto": 130000.0,
      "redutor": 0.0,
      "IRPFM_liquido": 0.0
    }
  },
  {
    "case_id": "case_020",
    "description": "Auto-generated case 20 with total_income 350000",
    "inputs": {
      "total_income": 350000,
      "imposto_anual_apurado": 83895.64,
      "retencoes_ja": 2794.04,
      "exclusoes": 0.0
    },
    "assumptions": "Standard assumptions: exclusoes only when specified; redutor 0 unless stated.",
    "calculation": {
      "REND_base": 350000.0,
      "aliquota_percent": 0.0,
      "IRPFM_bruto": 0.0,
      "redutor": 0.0,
      "IRPFM_liquido": 0.0
    }
  },
  {
    "case_id": "case_021",
    "description": "Auto-generated case 21 with total_income 1300000",
    "inputs": {
      "total_income": 1300000,
      "imposto_anual_apurado": 175581.42,
      "retencoes_ja": 10106.17,
      "exclusoes": 0.0
    },
    "assumptions": "Standard assumptions: exclusoes only when specified; redutor 0 unless stated.",
    "calculation": {
      "REND_base": 1300000.0,
      "aliquota_percent": 10.0,
      "IRPFM_bruto": 130000.0,
      "redutor": 0.0,
      "IRPFM_liquido": 0.0
    }
  },
  {
    "case_id": "case_022",
    "description": "Auto-generated case 22 with total_income 950000",
    "inputs": {
      "total_income": 950000,
      "imposto_anual_apurado": 71774.94,
      "retencoes_ja": 18046.55,
      "exclusoes": 0.0
    },
    "assumptions": "Standard assumptions: exclusoes only when specified; redutor 0 unless stated.",
    "calculation": {
      "REND_base": 950000.0,
      "aliquota_percent": 5.8333,
      "IRPFM_bruto": 55416.67,
      "redutor": 0.0,
      "IRPFM_liquido": 0.0
    }
  },
  {
    "case_id": "case_023",
    "description": "Auto-generated case 23 with total_income 950000",
    "inputs": {
      "total_income": 950000,
      "imposto_anual_apurado": 248779.91,
      "retencoes_ja": 28676.99,
      "exclusoes": 0.0
    },
    "assumptions": "Standard assumptions: exclusoes only when specified; redutor 0 unless stated.",
    "calculation": {
      "REND_base": 950000.0,
      "aliquota_percent": 5.8333,
      "IRPFM_bruto": 55416.67,
      "redutor": 0.0,
      "IRPFM_liquido": 0.0
    }
  },
  {
    "case_id": "case_024",
    "description": "Auto-generated case 24 with total_income 350000",
    "inputs": {
      "total_income": 350000,
      "imposto_anual_apurado": 81351.53,
      "retencoes_ja": 9383.99,
      "exclusoes": 0.0
    },
    "assumptions": "Standard assumptions: exclusoes only when specified; redutor 0 unless stated.",
    "calculation": {
      "REND_base": 350000.0,
      "aliquota_percent": 0.0,
      "IRPFM_bruto": 0.0,
      "redutor": 0.0,
      "IRPFM_liquido": 0.0
    }
  },
  {
    "case_id": "case_025",
    "description": "Auto-generated case 25 with total_income 1300000",
    "inputs": {
      "total_income": 1300000,
      "imposto_anual_apurado": 90610.06,
      "retencoes_ja": 19056.59,
      "exclusoes": 0.0
    },
    "assumptions": "Standard assumptions: exclusoes only when specified; redutor 0 unless stated.",
    "calculation": {
      "REND_base": 1300000.0,
      "aliquota_percent": 10.0,
      "IRPFM_bruto": 130000.0,
      "redutor": 0.0,
      "IRPFM_liquido": 20333.35
    }
  },
  {
    "case_id": "case_026",
    "description": "Auto-generated case 26 with total_income 950000",
    "inputs": {
      "total_income": 950000,
      "imposto_anual_apurado": 184621.13,
      "retencoes_ja": 33467.16,
      "exclusoes": 0.0
    },
    "assumptions": "Standard assumptions: exclusoes only when specified; redutor 0 unless stated.",
    "calculation": {
      "REND_base": 950000.0,
      "aliquota_percent": 5.8333,
      "IRPFM_bruto": 55416.67,
      "redutor": 0.0,
      "IRPFM_liquido": 0.0
    }
  },
  {
    "case_id": "case_027",
    "description": "Auto-generated case 27 with total_income 350000",
    "inputs": {
      "total_income": 350000,
      "imposto_anual_apurado": 75360.54,
      "retencoes_ja": 13528.7,
      "exclusoes": 0.0
    },
    "assumptions": "Standard assumptions: exclusoes only when specified; redutor 0 unless stated.",
    "calculation": {
      "REND_base": 350000.0,
      "aliquota_percent": 0.0,
      "IRPFM_bruto": 0.0,
      "redutor": 0.0,
      "IRPFM_liquido": 0.0
    }
  },
  {
    "case_id": "case_028",
    "description": "Auto-generated case 28 with total_income 480000",
    "inputs": {
      "total_income": 480000,
      "imposto_anual_apurado": 126638.13,
      "retencoes_ja": 20795.61,
      "exclusoes": 0.0
    },
    "assumptions": "Standard assumptions: exclusoes only when specified; redutor 0 unless stated.",
    "calculation": {
      "REND_base": 480000.0,
      "aliquota_percent": 0.0,
      "IRPFM_bruto": 0.0,
      "redutor": 0.0,
      "IRPFM_liquido": 0.0
    }
  },
  {
    "case_id": "case_029",
    "description": "Auto-generated case 29 with total_income 1300000",
    "inputs": {
      "total_income": 1300000,
      "imposto_anual_apurado": 155341.42,
      "retencoes_ja": 41319.49,
      "exclusoes": 0.0
    },
    "assumptions": "Standard assumptions: exclusoes only when specified; redutor 0 unless stated.",
    "calculation": {
      "REND_base": 1300000.0,
      "aliquota_percent": 10.0,
      "IRPFM_bruto": 130000.0,
      "redutor": 0.0,
      "IRPFM_liquido": 0.0
    }
  },
  {
    "case_id": "case_030",
    "description": "Auto-generated case 30 with total_income 950000",
    "inputs": {
      "total_income": 950000,
      "imposto_anual_apurado": 86130.35,
      "retencoes_ja": 16875.36,
      "exclusoes": 0.0
    },
    "assumptions": "Standard assumptions: exclusoes only when specified; redutor 0 unless stated.",
    "calculation": {
      "REND_base": 950000.0,
      "aliquota_percent": 5.8333,
      "IRPFM_bruto": 55416.67,
      "redutor": 0.0,
      "IRPFM_liquido": 0.0
    }
  }
]